id,name,email,age,phone
0,User 0,,53,555-0100
1,User 1,,59,555-0101
2,User 2,,28,555-0102
3,User 3,,26,555-0103
4,User 4,,30,555-0104
5,User 5,,37,555-0105
6,User 6,,53,555-0106
7,User 7,,37,555-0107
8,User 8,,29,555-0108
9,User 9,,36,555-0109
10,User 10,,43,555-01010
11,User 11,,31,555-01011
12,User 12,,28,555-01012
13,User 13,,28,555-01013
14,User 14,,21,555-01014
15,User 15,,29,555-01015
16,User 16,,43,555-01016
17,User 17,,44,555-01017
18,User 18,,41,555-01018
19,User 19,,59,555-01019
20,User 20,,34,555-01020
21,User 21,,29,555-01021
22,User 22,,22,555-01022
23,User 23,,27,555-01023
24,User 24,,30,555-01024
25,User 25,,44,555-01025
26,User 26,,47,555-01026
27,User 27,,57,555-01027
28,User 28,,39,555-01028
29,User 29,,47,555-01029
30,User 30,,29,555-01030
31,User 31,,49,555-01031
32,User 32,,26,555-01032
33,User 33,,53,555-01033
34,User 34,,28,555-01034
35,User 35,,34,555-01035
36,User 36,,48,555-01036
37,User 37,,39,555-01037
38,User 38,,39,555-01038
39,User 39,,51,555-01039
40,User 40,,57,555-01040
41,User 41,,51,555-01041
42,User 42,,51,555-01042
43,User 43,,57,555-01043
44,User 44,,21,555-01044
45,User 45,,44,555-01045
46,User 46,,30,555-01046
47,User 47,,44,555-01047
48,User 48,,25,555-01048
49,User 49,,23,555-01049
50,User 50,,40,555-01050
51,User 51,,59,555-01051
52,User 52,,35,555-01052
53,User 53,,54,555-01053
54,User 54,,26,555-01054
55,User 55,,41,555-01055
56,User 56,,25,555-01056
57,User 57,,53,555-01057
58,User 58,,50,555-01058
59,User 59,,34,555-01059
60,User 60,,38,555-01060
61,User 61,,33,555-01061
62,User 62,,32,555-01062
63,User 63,,20,555-01063
64,User 64,,32,555-01064
65,User 65,,29,555-01065
66,User 66,,49,555-01066
67,User 67,,23,555-01067
68,User 68,,46,555-01068
69,User 69,,23,555-01069
70,User 70,,33,555-01070
71,User 71,,28,555-01071
72,User 72,,35,555-01072
73,User 73,,51,555-01073
74,User 74,,36,555-01074
75,User 75,,53,555-01075
76,User 76,,52,555-01076
77,User 77,,40,555-01077
78,User 78,,27,555-01078
79,User 79,,53,555-01079
80,User 80,,25,555-01080
81,User 81,,59,555-01081
82,User 82,,58,555-01082
83,User 83,,20,555-01083
84,User 84,,38,555-01084
85,User 85,,52,555-01085
86,User 86,,58,555-01086
87,User 87,,21,555-01087
88,User 88,,35,555-01088
89,User 89,,28,555-01089
90,User 90,,38,555-01090
91,User 91,,51,555-01091
92,User 92,,35,555-01092
93,User 93,,43,555-01093
94,User 94,,20,555-01094
95,User 95,,41,555-01095
96,User 96,,39,555-01096
97,User 97,,41,555-01097
98,User 98,,35,555-01098
99,User 99,,53,555-01099
100,User 100,,47,555-010100
101,User 101,,40,555-010101
102,User 102,,43,555-010102
103,User 103,,51,555-010103
104,User 104,,50,555-010104
105,User 105,,30,555-010105
106,User 106,,22,555-010106
107,User 107,,56,555-010107
108,User 108,,28,555-010108
109,User 109,,46,555-010109
110,User 110,,31,555-010110
111,User 111,,30,555-010111
112,User 112,,50,555-010112
113,User 113,,50,555-010113
114,User 114,,27,555-010114
115,User 115,,20,555-010115
116,User 116,,57,555-010116
117,User 117,,40,555-010117
118,User 118,,40,555-010118
119,User 119,,20,555-010119
120,User 120,,38,555-010120
121,User 121,,44,555-010121
122,User 122,,31,555-010122
123,User 123,,44,555-010123
124,User 124,,40,555-010124
125,User 125,,28,555-010125
126,User 126,,56,555-010126
127,User 127,,41,555-010127
128,User 128,,51,555-010128
129,User 129,,29,555-010129
130,User 130,,25,555-010130
131,User 131,,35,555-010131
132,User 132,,35,555-010132
133,User 133,,53,555-010133
134,User 134,,23,555-010134
135,User 135,,46,555-010135
136,User 136,,39,555-010136
137,User 137,,28,555-010137
138,User 138,,44,555-010138
139,User 139,,54,555-010139
140,User 140,,50,555-010140
141,User 141,,35,555-010141
142,User 142,,58,555-010142
143,User 143,,53,555-010143
144,User 144,,42,555-010144
145,User 145,,47,555-010145
146,User 146,,39,555-010146
147,User 147,,38,555-010147
148,User 148,,56,555-010148
149,User 149,,29,555-010149
150,User 150,,42,555-010150
151,User 151,,33,555-010151
152,User 152,,21,555-010152
153,User 153,,37,555-010153
154,User 154,,58,555-010154
155,User 155,,32,555-010155
156,User 156,,35,555-010156
157,User 157,,53,555-010157
158,User 158,,30,555-010158
159,User 159,,33,555-010159
160,User 160,,43,555-010160
161,User 161,,24,555-010161
162,User 162,,24,555-010162
163,User 163,,40,555-010163
164,User 164,,48,555-010164
165,User 165,,42,555-010165
166,User 166,,26,555-010166
167,User 167,,23,555-010167
168,User 168,,50,555-010168
169,User 169,,58,555-010169
170,User 170,,39,555-010170
171,User 171,,21,555-010171
172,User 172,,24,555-010172
173,User 173,,45,555-010173
174,User 174,,42,555-010174
175,User 175,,56,555-010175
176,User 176,,52,555-010176
177,User 177,,57,555-010177
178,User 178,,45,555-010178
179,User 179,,58,555-010179
180,User 180,,51,555-010180
181,User 181,,40,555-010181
182,User 182,,56,555-010182
183,User 183,,59,555-010183
184,User 184,,33,555-010184
185,User 185,,47,555-010185
186,User 186,,57,555-010186
187,User 187,,42,555-010187
188,User 188,,25,555-010188
189,User 189,,20,555-010189
190,User 190,,50,555-010190
191,User 191,,52,555-010191
192,User 192,,23,555-010192
193,User 193,,39,555-010193
194,User 194,,45,555-010194
195,User 195,,46,555-010195
196,User 196,,37,555-010196
197,User 197,,50,555-010197
198,User 198,,52,555-010198
199,User 199,,29,555-010199
200,User 200,,46,555-010200
201,User 201,,51,555-010201
202,User 202,,34,555-010202
203,User 203,,44,555-010203
204,User 204,,51,555-010204
205,User 205,,52,555-010205
206,User 206,,49,555-010206
207,User 207,,34,555-010207
208,User 208,,58,555-010208
209,User 209,,27,555-010209
210,User 210,,38,555-010210
211,User 211,,47,555-010211
212,User 212,,55,555-010212
213,User 213,,59,555-010213
214,User 214,,54,555-010214
215,User 215,,43,555-010215
216,User 216,,27,555-010216
217,User 217,,59,555-010217
218,User 218,,26,555-010218
219,User 219,,27,555-010219
220,User 220,,25,555-010220
221,User 221,,36,555-010221
222,User 222,,29,555-010222
223,User 223,,47,555-010223
224,User 224,,59,555-010224
225,User 225,,57,555-010225
226,User 226,,20,555-010226
227,User 227,,56,555-010227
228,User 228,,20,555-010228
229,User 229,,54,555-010229
230,User 230,,54,555-010230
231,User 231,,46,555-010231
232,User 232,,54,555-010232
233,User 233,,26,555-010233
234,User 234,,34,555-010234
235,User 235,,59,555-010235
236,User 236,,31,555-010236
237,User 237,,44,555-010237
238,User 238,,27,555-010238
239,User 239,,26,555-010239
240,User 240,,27,555-010240
241,User 241,,52,555-010241
242,User 242,,41,555-010242
243,User 243,,29,555-010243
244,User 244,,58,555-010244
245,User 245,,33,555-010245
246,User 246,,27,555-010246
247,User 247,,41,555-010247
248,User 248,,37,555-010248
249,User 249,,48,555-010249
250,User 250,,42,555-010250
251,User 251,,41,555-010251
252,User 252,,35,555-010252
253,User 253,,21,555-010253
254,User 254,,34,555-010254
255,User 255,,39,555-010255
256,User 256,,51,555-010256
257,User 257,,23,555-010257
258,User 258,,27,555-010258
259,User 259,,46,555-010259
260,User 260,,40,555-010260
261,User 261,,55,555-010261
262,User 262,,42,555-010262
263,User 263,,47,555-010263
264,User 264,,41,555-010264
265,User 265,,40,555-010265
266,User 266,,40,555-010266
267,User 267,,59,555-010267
268,User 268,,20,555-010268
269,User 269,,33,555-010269
270,User 270,,52,555-010270
271,User 271,,53,555-010271
272,User 272,,23,555-010272
273,User 273,,29,555-010273
274,User 274,,40,555-010274
275,User 275,,32,555-010275
276,User 276,,30,555-010276
277,User 277,,23,555-010277
278,User 278,,52,555-010278
279,User 279,,55,555-010279
280,User 280,,52,555-010280
281,User 281,,31,555-010281
282,User 282,,35,555-010282
283,User 283,,38,555-010283
284,User 284,,33,555-010284
285,User 285,,38,555-010285
286,User 286,,50,555-010286
287,User 287,,45,555-010287
288,User 288,,51,555-010288
289,User 289,,31,555-010289
290,User 290,,54,555-010290
291,User 291,,29,555-010291
292,User 292,,26,555-010292
293,User 293,,38,555-010293
294,User 294,,32,555-010294
295,User 295,,54,555-010295
296,User 296,,37,555-010296
297,User 297,,54,555-010297
298,User 298,,54,555-010298
299,User 299,,41,555-010299
300,User 300,,24,555-010300
301,User 301,,58,555-010301
302,User 302,,58,555-010302
303,User 303,,53,555-010303
304,User 304,,23,555-010304
305,User 305,,49,555-010305
306,User 306,,23,555-010306
307,User 307,,35,555-010307
308,User 308,,39,555-010308
309,User 309,,23,555-010309
310,User 310,,23,555-010310
311,User 311,,40,555-010311
312,User 312,,43,555-010312
313,User 313,,41,555-010313
314,User 314,,41,555-010314
315,User 315,,57,555-010315
316,User 316,,50,555-010316
317,User 317,,54,555-010317
318,User 318,,43,555-010318
319,User 319,,45,555-010319
320,User 320,,59,555-010320
321,User 321,,28,555-010321
322,User 322,,42,555-010322
323,User 323,,38,555-010323
324,User 324,,43,555-010324
325,User 325,,51,555-010325
326,User 326,,57,555-010326
327,User 327,,37,555-010327
328,User 328,,38,555-010328
329,User 329,,32,555-010329
330,User 330,,33,555-010330
331,User 331,,34,555-010331
332,User 332,,59,555-010332
333,User 333,,42,555-010333
334,User 334,,30,555-010334
335,User 335,,40,555-010335
336,User 336,,55,555-010336
337,User 337,,39,555-010337
338,User 338,,37,555-010338
339,User 339,,48,555-010339
340,User 340,,20,555-010340
341,User 341,,23,555-010341
342,User 342,,43,555-010342
343,User 343,,20,555-010343
344,User 344,,41,555-010344
345,User 345,,26,555-010345
346,User 346,,30,555-010346
347,User 347,,54,555-010347
348,User 348,,46,555-010348
349,User 349,,45,555-010349
350,User 350,,32,555-010350
351,User 351,,57,555-010351
352,User 352,,30,555-010352
353,User 353,,28,555-010353
354,User 354,,24,555-010354
355,User 355,,53,555-010355
356,User 356,,24,555-010356
357,User 357,,33,555-010357
358,User 358,,58,555-010358
359,User 359,,44,555-010359
360,User 360,,41,555-010360
361,User 361,,56,555-010361
362,User 362,,45,555-010362
363,User 363,,42,555-010363
364,User 364,,28,555-010364
365,User 365,,40,555-010365
366,User 366,,34,555-010366
367,User 367,,50,555-010367
368,User 368,,25,555-010368
369,User 369,,44,555-010369
370,User 370,,47,555-010370
371,User 371,,37,555-010371
372,User 372,,28,555-010372
373,User 373,,31,555-010373
374,User 374,,31,555-010374
375,User 375,,25,555-010375
376,User 376,,27,555-010376
377,User 377,,47,555-010377
378,User 378,,57,555-010378
379,User 379,,21,555-010379
380,User 380,,41,555-010380
381,User 381,user381@example.com,29,555-010381
382,User 382,user382@example.com,28,555-010382
383,User 383,user383@example.com,56,555-010383
384,User 384,user384@example.com,43,555-010384
385,User 385,user385@example.com,41,555-010385
386,User 386,user386@example.com,43,555-010386
387,User 387,user387@example.com,31,555-010387
388,User 388,user388@example.com,57,555-010388
389,User 389,user389@example.com,58,555-010389
390,User 390,user390@example.com,57,555-010390
391,User 391,user391@example.com,29,555-010391
392,User 392,user392@example.com,21,555-010392
393,User 393,user393@example.com,48,555-010393
394,User 394,user394@example.com,41,555-010394
395,User 395,user395@example.com,21,555-010395
396,User 396,user396@example.com,54,555-010396
397,User 397,user397@example.com,26,555-010397
398,User 398,user398@example.com,37,555-010398
399,User 399,user399@example.com,55,555-010399
400,User 400,user400@example.com,37,555-010400
401,User 401,user401@example.com,41,555-010401
402,User 402,user402@example.com,38,555-010402
403,User 403,user403@example.com,52,555-010403
404,User 404,user404@example.com,41,555-010404
405,User 405,user405@example.com,39,555-010405
406,User 406,user406@example.com,50,555-010406
407,User 407,user407@example.com,52,555-010407
408,User 408,user408@example.com,36,555-010408
409,User 409,user409@example.com,22,555-010409
410,User 410,user410@example.com,56,555-010410
411,User 411,user411@example.com,45,555-010411
412,User 412,user412@example.com,48,555-010412
413,User 413,user413@example.com,49,555-010413
414,User 414,user414@example.com,53,555-010414
415,User 415,user415@example.com,28,555-010415
416,User 416,user416@example.com,42,555-010416
417,User 417,user417@example.com,56,555-010417
418,User 418,user418@example.com,35,555-010418
419,User 419,user419@example.com,52,555-010419
420,User 420,user420@example.com,50,555-010420
421,User 421,user421@example.com,58,555-010421
422,User 422,user422@example.com,43,555-010422
423,User 423,user423@example.com,37,555-010423
424,User 424,user424@example.com,57,555-010424
425,User 425,user425@example.com,42,555-010425
426,User 426,user426@example.com,21,555-010426
427,User 427,user427@example.com,51,555-010427
428,User 428,user428@example.com,54,555-010428
429,User 429,user429@example.com,44,555-010429
430,User 430,user430@example.com,28,555-010430
431,User 431,user431@example.com,51,555-010431
432,User 432,user432@example.com,56,555-010432
433,User 433,user433@example.com,51,555-010433
434,User 434,user434@example.com,42,555-010434
435,User 435,user435@example.com,58,555-010435
436,User 436,user436@example.com,43,555-010436
437,User 437,user437@example.com,37,555-010437
438,User 438,user438@example.com,39,555-010438
439,User 439,user439@example.com,59,555-010439
440,User 440,user440@example.com,31,555-010440
441,User 441,user441@example.com,34,555-010441
442,User 442,user442@example.com,28,555-010442
443,User 443,user443@example.com,25,555-010443
444,User 444,user444@example.com,52,555-010444
445,User 445,user445@example.com,55,555-010445
446,User 446,user446@example.com,44,555-010446
447,User 447,user447@example.com,22,555-010447
448,User 448,user448@example.com,47,555-010448
449,User 449,user449@example.com,27,555-010449
450,User 450,user450@example.com,52,555-010450
451,User 451,user451@example.com,29,555-010451
452,User 452,user452@example.com,31,555-010452
453,User 453,user453@example.com,53,555-010453
454,User 454,user454@example.com,33,555-010454
455,User 455,user455@example.com,41,555-010455
456,User 456,user456@example.com,44,555-010456
457,User 457,user457@example.com,40,555-010457
458,User 458,user458@example.com,38,555-010458
459,User 459,user459@example.com,54,555-010459
460,User 460,user460@example.com,34,555-010460
461,User 461,user461@example.com,36,555-010461
462,User 462,user462@example.com,50,555-010462
463,User 463,user463@example.com,25,555-010463
464,User 464,user464@example.com,53,555-010464
465,User 465,user465@example.com,45,555-010465
466,User 466,user466@example.com,51,555-010466
467,User 467,user467@example.com,30,555-010467
468,User 468,user468@example.com,45,555-010468
469,User 469,user469@example.com,30,555-010469
470,User 470,user470@example.com,35,555-010470
471,User 471,user471@example.com,31,555-010471
472,User 472,user472@example.com,53,555-010472
473,User 473,user473@example.com,39,555-010473
474,User 474,user474@example.com,38,555-010474
475,User 475,user475@example.com,26,555-010475
476,User 476,user476@example.com,46,555-010476
477,User 477,user477@example.com,53,555-010477
478,User 478,user478@example.com,40,555-010478
479,User 479,user479@example.com,50,555-010479
480,User 480,user480@example.com,32,555-010480
481,User 481,user481@example.com,40,555-010481
482,User 482,user482@example.com,28,555-010482
483,User 483,user483@example.com,43,555-010483
484,User 484,user484@example.com,42,555-010484
485,User 485,user485@example.com,45,555-010485
486,User 486,user486@example.com,23,555-010486
487,User 487,user487@example.com,35,555-010487
488,User 488,user488@example.com,39,555-010488
489,User 489,user489@example.com,32,555-010489
490,User 490,user490@example.com,51,555-010490
491,User 491,user491@example.com,56,555-010491
492,User 492,user492@example.com,21,555-010492
493,User 493,user493@example.com,58,555-010493
494,User 494,user494@example.com,24,555-010494
495,User 495,user495@example.com,31,555-010495
496,User 496,user496@example.com,51,555-010496
497,User 497,user497@example.com,42,555-010497
498,User 498,user498@example.com,51,555-010498
499,User 499,user499@example.com,57,555-010499
500,User 500,user500@example.com,49,555-010500
501,User 501,user501@example.com,41,555-010501
502,User 502,user502@example.com,42,555-010502
503,User 503,user503@example.com,29,555-010503
504,User 504,user504@example.com,59,555-010504
505,User 505,user505@example.com,28,555-010505
506,User 506,user506@example.com,53,555-010506
507,User 507,user507@example.com,43,555-010507
508,User 508,user508@example.com,56,555-010508
509,User 509,user509@example.com,46,555-010509
510,User 510,user510@example.com,43,555-010510
511,User 511,user511@example.com,24,555-010511
512,User 512,user512@example.com,58,555-010512
513,User 513,user513@example.com,22,555-010513
514,User 514,user514@example.com,45,555-010514
515,User 515,user515@example.com,44,555-010515
516,User 516,user516@example.com,34,555-010516
517,User 517,user517@example.com,59,555-010517
518,User 518,user518@example.com,29,555-010518
519,User 519,user519@example.com,57,555-010519
520,User 520,user520@example.com,51,555-010520
521,User 521,user521@example.com,26,555-010521
522,User 522,user522@example.com,37,555-010522
523,User 523,user523@example.com,22,555-010523
524,User 524,user524@example.com,42,555-010524
525,User 525,user525@example.com,36,555-010525
526,User 526,user526@example.com,46,555-010526
527,User 527,user527@example.com,47,555-010527
528,User 528,user528@example.com,49,555-010528
529,User 529,user529@example.com,38,555-010529
530,User 530,user530@example.com,46,555-010530
531,User 531,user531@example.com,35,555-010531
532,User 532,user532@example.com,52,555-010532
533,User 533,user533@example.com,25,555-010533
534,User 534,user534@example.com,32,555-010534
535,User 535,user535@example.com,57,555-010535
536,User 536,user536@example.com,48,555-010536
537,User 537,user537@example.com,33,555-010537
538,User 538,user538@example.com,23,555-010538
539,User 539,user539@example.com,51,555-010539
540,User 540,user540@example.com,33,555-010540
541,User 541,user541@example.com,28,555-010541
542,User 542,user542@example.com,40,555-010542
543,User 543,user543@example.com,57,555-010543
544,User 544,user544@example.com,34,555-010544
545,User 545,user545@example.com,37,555-010545
546,User 546,user546@example.com,27,555-010546
547,User 547,user547@example.com,36,555-010547
548,User 548,user548@example.com,21,555-010548
549,User 549,user549@example.com,44,555-010549
550,User 550,user550@example.com,47,555-010550
551,User 551,user551@example.com,21,555-010551
552,User 552,user552@example.com,39,555-010552
553,User 553,user553@example.com,55,555-010553
554,User 554,user554@example.com,45,555-010554
555,User 555,user555@example.com,59,555-010555
556,User 556,user556@example.com,40,555-010556
557,User 557,user557@example.com,39,555-010557
558,User 558,user558@example.com,25,555-010558
559,User 559,user559@example.com,26,555-010559
560,User 560,user560@example.com,30,555-010560
561,User 561,user561@example.com,42,555-010561
562,User 562,user562@example.com,23,555-010562
563,User 563,user563@example.com,30,555-010563
564,User 564,user564@example.com,49,555-010564
565,User 565,user565@example.com,20,555-010565
566,User 566,user566@example.com,50,555-010566
567,User 567,user567@example.com,22,555-010567
568,User 568,user568@example.com,50,555-010568
569,User 569,user569@example.com,43,555-010569
570,User 570,user570@example.com,20,555-010570
571,User 571,user571@example.com,37,555-010571
572,User 572,user572@example.com,33,555-010572
573,User 573,user573@example.com,50,555-010573
574,User 574,user574@example.com,39,555-010574
575,User 575,user575@example.com,38,555-010575
576,User 576,user576@example.com,53,555-010576
577,User 577,user577@example.com,32,555-010577
578,User 578,user578@example.com,56,555-010578
579,User 579,user579@example.com,42,555-010579
580,User 580,user580@example.com,48,555-010580
581,User 581,user581@example.com,37,555-010581
582,User 582,user582@example.com,32,555-010582
583,User 583,user583@example.com,44,555-010583
584,User 584,user584@example.com,20,555-010584
585,User 585,user585@example.com,33,555-010585
586,User 586,user586@example.com,51,555-010586
587,User 587,user587@example.com,24,555-010587
588,User 588,user588@example.com,56,555-010588
589,User 589,user589@example.com,28,555-010589
590,User 590,user590@example.com,54,555-010590
591,User 591,user591@example.com,53,555-010591
592,User 592,user592@example.com,28,555-010592
593,User 593,user593@example.com,43,555-010593
594,User 594,user594@example.com,41,555-010594
595,User 595,user595@example.com,29,555-010595
596,User 596,user596@example.com,27,555-010596
597,User 597,user597@example.com,34,555-010597
598,User 598,user598@example.com,32,555-010598
599,User 599,user599@example.com,50,555-010599
600,User 600,user600@example.com,51,555-010600
601,User 601,user601@example.com,40,555-010601
602,User 602,user602@example.com,34,555-010602
603,User 603,user603@example.com,47,555-010603
604,User 604,user604@example.com,56,555-010604
605,User 605,user605@example.com,25,555-010605
606,User 606,user606@example.com,47,555-010606
607,User 607,user607@example.com,36,555-010607
608,User 608,user608@example.com,47,555-010608
609,User 609,user609@example.com,37,555-010609
610,User 610,user610@example.com,30,555-010610
611,User 611,user611@example.com,36,555-010611
612,User 612,user612@example.com,53,555-010612
613,User 613,user613@example.com,38,555-010613
614,User 614,user614@example.com,37,555-010614
615,User 615,user615@example.com,50,555-010615
616,User 616,user616@example.com,46,555-010616
617,User 617,user617@example.com,31,555-010617
618,User 618,user618@example.com,40,555-010618
619,User 619,user619@example.com,31,555-010619
620,User 620,user620@example.com,21,555-010620
621,User 621,user621@example.com,37,555-010621
622,User 622,user622@example.com,48,555-010622
623,User 623,user623@example.com,36,555-010623
624,User 624,user624@example.com,21,555-010624
625,User 625,user625@example.com,54,555-010625
626,User 626,user626@example.com,33,555-010626
627,User 627,user627@example.com,55,555-010627
628,User 628,user628@example.com,47,555-010628
629,User 629,user629@example.com,27,555-010629
630,User 630,user630@example.com,59,555-010630
631,User 631,user631@example.com,28,555-010631
632,User 632,user632@example.com,48,555-010632
633,User 633,user633@example.com,25,555-010633
634,User 634,user634@example.com,30,555-010634
635,User 635,user635@example.com,59,555-010635
636,User 636,user636@example.com,37,555-010636
637,User 637,user637@example.com,44,555-010637
638,User 638,user638@example.com,40,555-010638
639,User 639,user639@example.com,46,555-010639
640,User 640,user640@example.com,26,555-010640
641,User 641,user641@example.com,30,555-010641
642,User 642,user642@example.com,44,555-010642
643,User 643,user643@example.com,46,555-010643
644,User 644,user644@example.com,44,555-010644
645,User 645,user645@example.com,51,555-010645
646,User 646,user646@example.com,56,555-010646
647,User 647,user647@example.com,38,555-010647
648,User 648,user648@example.com,38,555-010648
649,User 649,user649@example.com,41,555-010649
650,User 650,user650@example.com,27,555-010650
651,User 651,user651@example.com,36,555-010651
652,User 652,user652@example.com,28,555-010652
653,User 653,user653@example.com,51,555-010653
654,User 654,user654@example.com,50,555-010654
655,User 655,user655@example.com,44,555-010655
656,User 656,user656@example.com,28,555-010656
657,User 657,user657@example.com,25,555-010657
658,User 658,user658@example.com,58,555-010658
659,User 659,user659@example.com,31,555-010659
660,User 660,user660@example.com,34,555-010660
661,User 661,user661@example.com,29,555-010661
662,User 662,user662@example.com,33,555-010662
663,User 663,user663@example.com,43,555-010663
664,User 664,user664@example.com,54,555-010664
665,User 665,user665@example.com,30,555-010665
666,User 666,user666@example.com,43,555-010666
667,User 667,user667@example.com,20,555-010667
668,User 668,user668@example.com,59,555-010668
669,User 669,user669@example.com,31,555-010669
670,User 670,user670@example.com,46,555-010670
671,User 671,user671@example.com,50,555-010671
672,User 672,user672@example.com,20,555-010672
673,User 673,user673@example.com,55,555-010673
674,User 674,user674@example.com,34,555-010674
675,User 675,user675@example.com,31,555-010675
676,User 676,user676@example.com,57,555-010676
677,User 677,user677@example.com,29,555-010677
678,User 678,user678@example.com,47,555-010678
679,User 679,user679@example.com,55,555-010679
680,User 680,user680@example.com,29,555-010680
681,User 681,user681@example.com,23,555-010681
682,User 682,user682@example.com,50,555-010682
683,User 683,user683@example.com,52,555-010683
684,User 684,user684@example.com,37,555-010684
685,User 685,user685@example.com,32,555-010685
686,User 686,user686@example.com,56,555-010686
687,User 687,user687@example.com,21,555-010687
688,User 688,user688@example.com,24,555-010688
689,User 689,user689@example.com,23,555-010689
690,User 690,user690@example.com,22,555-010690
691,User 691,user691@example.com,36,555-010691
692,User 692,user692@example.com,28,555-010692
693,User 693,user693@example.com,32,555-010693
694,User 694,user694@example.com,58,555-010694
695,User 695,user695@example.com,42,555-010695
696,User 696,user696@example.com,49,555-010696
697,User 697,user697@example.com,40,555-010697
698,User 698,user698@example.com,49,555-010698
699,User 699,user699@example.com,33,555-010699
700,User 700,user700@example.com,57,555-010700
701,User 701,user701@example.com,49,555-010701
702,User 702,user702@example.com,23,555-010702
703,User 703,user703@example.com,54,555-010703
704,User 704,user704@example.com,56,555-010704
705,User 705,user705@example.com,22,555-010705
706,User 706,user706@example.com,45,555-010706
707,User 707,user707@example.com,41,555-010707
708,User 708,user708@example.com,46,555-010708
709,User 709,user709@example.com,36,555-010709
710,User 710,user710@example.com,21,555-010710
711,User 711,user711@example.com,39,555-010711
712,User 712,user712@example.com,28,555-010712
713,User 713,user713@example.com,47,555-010713
714,User 714,user714@example.com,52,555-010714
715,User 715,user715@example.com,53,555-010715
716,User 716,user716@example.com,36,555-010716
717,User 717,user717@example.com,53,555-010717
718,User 718,user718@example.com,56,555-010718
719,User 719,user719@example.com,37,555-010719
720,User 720,user720@example.com,35,555-010720
721,User 721,user721@example.com,40,555-010721
722,User 722,user722@example.com,37,555-010722
723,User 723,user723@example.com,46,555-010723
724,User 724,user724@example.com,32,555-010724
725,User 725,user725@example.com,39,555-010725
726,User 726,user726@example.com,33,555-010726
727,User 727,user727@example.com,21,555-010727
728,User 728,user728@example.com,55,555-010728
729,User 729,user729@example.com,23,555-010729
730,User 730,user730@example.com,48,555-010730
731,User 731,user731@example.com,51,555-010731
732,User 732,user732@example.com,43,555-010732
733,User 733,user733@example.com,50,555-010733
734,User 734,user734@example.com,53,555-010734
735,User 735,user735@example.com,24,555-010735
736,User 736,user736@example.com,39,555-010736
737,User 737,user737@example.com,32,555-010737
738,User 738,user738@example.com,36,555-010738
739,User 739,user739@example.com,57,555-010739
740,User 740,user740@example.com,57,555-010740
741,User 741,user741@example.com,55,555-010741
742,User 742,user742@example.com,36,555-010742
743,User 743,user743@example.com,44,555-010743
744,User 744,user744@example.com,27,555-010744
745,User 745,user745@example.com,31,555-010745
746,User 746,user746@example.com,25,555-010746
747,User 747,user747@example.com,45,555-010747
748,User 748,user748@example.com,39,555-010748
749,User 749,user749@example.com,20,555-010749
750,User 750,user750@example.com,33,555-010750
751,User 751,user751@example.com,26,555-010751
752,User 752,user752@example.com,45,555-010752
753,User 753,user753@example.com,57,555-010753
754,User 754,user754@example.com,28,555-010754
755,User 755,user755@example.com,50,555-010755
756,User 756,user756@example.com,42,555-010756
757,User 757,user757@example.com,58,555-010757
758,User 758,user758@example.com,31,555-010758
759,User 759,user759@example.com,41,555-010759
760,User 760,user760@example.com,42,555-010760
761,User 761,user761@example.com,33,555-010761
762,User 762,user762@example.com,59,555-010762
763,User 763,user763@example.com,53,555-010763
764,User 764,user764@example.com,32,555-010764
765,User 765,user765@example.com,22,555-010765
766,User 766,user766@example.com,59,555-010766
767,User 767,user767@example.com,44,555-010767
768,User 768,user768@example.com,25,555-010768
769,User 769,user769@example.com,55,555-010769
770,User 770,user770@example.com,42,555-010770
771,User 771,user771@example.com,23,555-010771
772,User 772,user772@example.com,32,555-010772
773,User 773,user773@example.com,43,555-010773
774,User 774,user774@example.com,43,555-010774
775,User 775,user775@example.com,35,555-010775
776,User 776,user776@example.com,26,555-010776
777,User 777,user777@example.com,30,555-010777
778,User 778,user778@example.com,28,555-010778
779,User 779,user779@example.com,38,555-010779
780,User 780,user780@example.com,54,555-010780
781,User 781,user781@example.com,40,555-010781
782,User 782,user782@example.com,37,555-010782
783,User 783,user783@example.com,37,555-010783
784,User 784,user784@example.com,48,555-010784
785,User 785,user785@example.com,41,555-010785
786,User 786,user786@example.com,31,555-010786
787,User 787,user787@example.com,56,555-010787
788,User 788,user788@example.com,37,555-010788
789,User 789,user789@example.com,46,555-010789
790,User 790,user790@example.com,40,555-010790
791,User 791,user791@example.com,29,555-010791
792,User 792,user792@example.com,24,555-010792
793,User 793,user793@example.com,55,555-010793
794,User 794,user794@example.com,56,555-010794
795,User 795,user795@example.com,52,555-010795
796,User 796,user796@example.com,37,555-010796
797,User 797,user797@example.com,55,555-010797
798,User 798,user798@example.com,47,555-010798
799,User 799,user799@example.com,55,555-010799
800,User 800,user800@example.com,39,555-010800
801,User 801,user801@example.com,31,555-010801
802,User 802,user802@example.com,21,555-010802
803,User 803,user803@example.com,32,555-010803
804,User 804,user804@example.com,55,555-010804
805,User 805,user805@example.com,52,555-010805
806,User 806,user806@example.com,38,555-010806
807,User 807,user807@example.com,54,555-010807
808,User 808,user808@example.com,45,555-010808
809,User 809,user809@example.com,36,555-010809
810,User 810,user810@example.com,33,555-010810
811,User 811,user811@example.com,35,555-010811
812,User 812,user812@example.com,53,555-010812
813,User 813,user813@example.com,48,555-010813
814,User 814,user814@example.com,25,555-010814
815,User 815,user815@example.com,21,555-010815
816,User 816,user816@example.com,36,555-010816
817,User 817,user817@example.com,54,555-010817
818,User 818,user818@example.com,53,555-010818
819,User 819,user819@example.com,51,555-010819
820,User 820,user820@example.com,51,555-010820
821,User 821,user821@example.com,39,555-010821
822,User 822,user822@example.com,57,555-010822
823,User 823,user823@example.com,28,555-010823
824,User 824,user824@example.com,36,555-010824
825,User 825,user825@example.com,40,555-010825
826,User 826,user826@example.com,51,555-010826
827,User 827,user827@example.com,51,555-010827
828,User 828,user828@example.com,50,555-010828
829,User 829,user829@example.com,58,555-010829
830,User 830,user830@example.com,37,555-010830
831,User 831,user831@example.com,52,555-010831
832,User 832,user832@example.com,28,555-010832
833,User 833,user833@example.com,54,555-010833
834,User 834,user834@example.com,46,555-010834
835,User 835,user835@example.com,29,555-010835
836,User 836,user836@example.com,36,555-010836
837,User 837,user837@example.com,30,555-010837
838,User 838,user838@example.com,41,555-010838
839,User 839,user839@example.com,35,555-010839
840,User 840,user840@example.com,57,555-010840
841,User 841,user841@example.com,36,555-010841
842,User 842,user842@example.com,52,555-010842
843,User 843,user843@example.com,56,555-010843
844,User 844,user844@example.com,58,555-010844
845,User 845,user845@example.com,48,555-010845
846,User 846,user846@example.com,34,555-010846
847,User 847,user847@example.com,46,555-010847
848,User 848,user848@example.com,42,555-010848
849,User 849,user849@example.com,35,555-010849
850,User 850,user850@example.com,48,555-010850
851,User 851,user851@example.com,48,555-010851
852,User 852,user852@example.com,24,555-010852
853,User 853,user853@example.com,26,555-010853
854,User 854,user854@example.com,25,555-010854
855,User 855,user855@example.com,47,555-010855
856,User 856,user856@example.com,42,555-010856
857,User 857,user857@example.com,33,555-010857
858,User 858,user858@example.com,55,555-010858
859,User 859,user859@example.com,21,555-010859
860,User 860,user860@example.com,53,555-010860
861,User 861,user861@example.com,21,555-010861
862,User 862,user862@example.com,56,555-010862
863,User 863,user863@example.com,49,555-010863
864,User 864,user864@example.com,35,555-010864
865,User 865,user865@example.com,22,555-010865
866,User 866,user866@example.com,53,555-010866
867,User 867,user867@example.com,55,555-010867
868,User 868,user868@example.com,39,555-010868
869,User 869,user869@example.com,57,555-010869
870,User 870,user870@example.com,35,555-010870
871,User 871,user871@example.com,57,555-010871
872,User 872,user872@example.com,30,555-010872
873,User 873,user873@example.com,44,555-010873
874,User 874,user874@example.com,40,555-010874
875,User 875,user875@example.com,40,555-010875
876,User 876,user876@example.com,33,555-010876
877,User 877,user877@example.com,36,555-010877
878,User 878,user878@example.com,47,555-010878
879,User 879,user879@example.com,51,555-010879
880,User 880,user880@example.com,34,555-010880
881,User 881,user881@example.com,33,555-010881
882,User 882,user882@example.com,43,555-010882
883,User 883,user883@example.com,56,555-010883
884,User 884,user884@example.com,27,555-010884
885,User 885,user885@example.com,58,555-010885
886,User 886,user886@example.com,48,555-010886
887,User 887,user887@example.com,35,555-010887
888,User 888,user888@example.com,41,555-010888
889,User 889,user889@example.com,46,555-010889
890,User 890,user890@example.com,45,555-010890
891,User 891,user891@example.com,41,555-010891
892,User 892,user892@example.com,36,555-010892
893,User 893,user893@example.com,26,555-010893
894,User 894,user894@example.com,33,555-010894
895,User 895,user895@example.com,47,555-010895
896,User 896,user896@example.com,33,555-010896
897,User 897,user897@example.com,26,555-010897
898,User 898,user898@example.com,53,555-010898
899,User 899,user899@example.com,21,555-010899
900,User 900,user900@example.com,31,555-010900
901,User 901,user901@example.com,43,555-010901
902,User 902,user902@example.com,20,555-010902
903,User 903,user903@example.com,30,555-010903
904,User 904,user904@example.com,26,555-010904
905,User 905,user905@example.com,24,555-010905
906,User 906,user906@example.com,37,555-010906
907,User 907,user907@example.com,21,555-010907
908,User 908,user908@example.com,25,555-010908
909,User 909,user909@example.com,55,555-010909
910,User 910,user910@example.com,59,555-010910
911,User 911,user911@example.com,39,555-010911
912,User 912,user912@example.com,24,555-010912
913,User 913,user913@example.com,57,555-010913
914,User 914,user914@example.com,23,555-010914
915,User 915,user915@example.com,38,555-010915
916,User 916,user916@example.com,59,555-010916
917,User 917,user917@example.com,49,555-010917
918,User 918,user918@example.com,47,555-010918
919,User 919,user919@example.com,37,555-010919
920,User 920,user920@example.com,39,555-010920
921,User 921,user921@example.com,47,555-010921
922,User 922,user922@example.com,59,555-010922
923,User 923,user923@example.com,52,555-010923
924,User 924,user924@example.com,58,555-010924
925,User 925,user925@example.com,26,555-010925
926,User 926,user926@example.com,45,555-010926
927,User 927,user927@example.com,24,555-010927
928,User 928,user928@example.com,38,555-010928
929,User 929,user929@example.com,36,555-010929
930,User 930,user930@example.com,52,555-010930
931,User 931,user931@example.com,47,555-010931
932,User 932,user932@example.com,55,555-010932
933,User 933,user933@example.com,39,555-010933
934,User 934,user934@example.com,45,555-010934
935,User 935,user935@example.com,52,555-010935
936,User 936,user936@example.com,20,555-010936
937,User 937,user937@example.com,51,555-010937
938,User 938,user938@example.com,39,555-010938
939,User 939,user939@example.com,48,555-010939
940,User 940,user940@example.com,35,555-010940
941,User 941,user941@example.com,48,555-010941
942,User 942,user942@example.com,54,555-010942
943,User 943,user943@example.com,42,555-010943
944,User 944,user944@example.com,50,555-010944
945,User 945,user945@example.com,31,555-010945
946,User 946,user946@example.com,50,555-010946
947,User 947,user947@example.com,47,555-010947
948,User 948,user948@example.com,46,555-010948
949,User 949,user949@example.com,30,555-010949
950,User 950,user950@example.com,56,555-010950
951,User 951,user951@example.com,45,555-010951
952,User 952,user952@example.com,37,555-010952
953,User 953,user953@example.com,27,555-010953
954,User 954,user954@example.com,45,555-010954
955,User 955,user955@example.com,22,555-010955
956,User 956,user956@example.com,48,555-010956
957,User 957,user957@example.com,26,555-010957
958,User 958,user958@example.com,30,555-010958
959,User 959,user959@example.com,40,555-010959
960,User 960,user960@example.com,33,555-010960
961,User 961,user961@example.com,37,555-010961
962,User 962,user962@example.com,53,555-010962
963,User 963,user963@example.com,27,555-010963
964,User 964,user964@example.com,54,555-010964
965,User 965,user965@example.com,32,555-010965
966,User 966,user966@example.com,25,555-010966
967,User 967,user967@example.com,52,555-010967
968,User 968,user968@example.com,27,555-010968
969,User 969,user969@example.com,30,555-010969
970,User 970,user970@example.com,56,555-010970
971,User 971,user971@example.com,24,555-010971
972,User 972,user972@example.com,47,555-010972
973,User 973,user973@example.com,56,555-010973
974,User 974,user974@example.com,37,555-010974
975,User 975,user975@example.com,44,555-010975
976,User 976,user976@example.com,43,555-010976
977,User 977,user977@example.com,27,555-010977
978,User 978,user978@example.com,31,555-010978
979,User 979,user979@example.com,50,555-010979
980,User 980,user980@example.com,53,555-010980
981,User 981,user981@example.com,46,555-010981
982,User 982,user982@example.com,31,555-010982
983,User 983,user983@example.com,22,555-010983
984,User 984,user984@example.com,32,555-010984
985,User 985,user985@example.com,55,555-010985
986,User 986,user986@example.com,26,555-010986
987,User 987,user987@example.com,56,555-010987
988,User 988,user988@example.com,24,555-010988
989,User 989,user989@example.com,45,555-010989
990,User 990,user990@example.com,36,555-010990
991,User 991,user991@example.com,56,555-010991
992,User 992,user992@example.com,38,555-010992
993,User 993,user993@example.com,48,555-010993
994,User 994,user994@example.com,27,555-010994
995,User 995,user995@example.com,26,555-010995
996,User 996,user996@example.com,33,555-010996
997,User 997,user997@example.com,25,555-010997
998,User 998,user998@example.com,45,555-010998
999,User 999,user999@example.com,34,555-010999
