id,name,email,age
0,User 0,,58
1,User 1,,43
2,User 2,,23
3,User 3,,21
4,User 4,,27
5,User 5,,47
6,User 6,,30
7,User 7,,55
8,User 8,,46
9,User 9,,26
10,User 10,,45
11,User 11,user11@example.com,25
12,User 12,user12@example.com,27
13,User 13,user13@example.com,60
14,User 14,user14@example.com,45
15,User 15,user15@example.com,46
16,User 16,user16@example.com,25
17,User 17,user17@example.com,42
18,User 18,user18@example.com,20
19,User 19,user19@example.com,41
20,User 20,user20@example.com,29
21,User 21,user21@example.com,24
22,User 22,user22@example.com,41
23,User 23,user23@example.com,46
24,User 24,user24@example.com,26
25,User 25,user25@example.com,38
26,User 26,user26@example.com,29
27,User 27,user27@example.com,57
28,User 28,user28@example.com,21
29,User 29,user29@example.com,26
30,User 30,user30@example.com,43
31,User 31,user31@example.com,38
32,User 32,user32@example.com,25
33,User 33,user33@example.com,27
34,User 34,user34@example.com,33
35,User 35,user35@example.com,57
36,User 36,user36@example.com,48
37,User 37,user37@example.com,58
38,User 38,user38@example.com,48
39,User 39,user39@example.com,20
40,User 40,user40@example.com,28
41,User 41,user41@example.com,24
42,User 42,user42@example.com,23
43,User 43,user43@example.com,53
44,User 44,user44@example.com,37
45,User 45,user45@example.com,39
46,User 46,user46@example.com,35
47,User 47,user47@example.com,40
48,User 48,user48@example.com,43
49,User 49,user49@example.com,59
50,User 50,user50@example.com,57
51,User 51,user51@example.com,58
52,User 52,user52@example.com,24
53,User 53,user53@example.com,40
54,User 54,user54@example.com,37
55,User 55,user55@example.com,59
56,User 56,user56@example.com,28
57,User 57,user57@example.com,30
58,User 58,user58@example.com,43
59,User 59,user59@example.com,42
60,User 60,user60@example.com,24
61,User 61,user61@example.com,35
62,User 62,user62@example.com,55
63,User 63,user63@example.com,50
64,User 64,user64@example.com,49
65,User 65,user65@example.com,59
66,User 66,user66@example.com,49
67,User 67,user67@example.com,25
68,User 68,user68@example.com,49
69,User 69,user69@example.com,44
70,User 70,user70@example.com,38
71,User 71,user71@example.com,43
72,User 72,user72@example.com,45
73,User 73,user73@example.com,45
74,User 74,user74@example.com,24
75,User 75,user75@example.com,50
76,User 76,user76@example.com,25
77,User 77,user77@example.com,37
78,User 78,user78@example.com,38
79,User 79,user79@example.com,59
80,User 80,user80@example.com,57
81,User 81,user81@example.com,43
82,User 82,user82@example.com,42
83,User 83,user83@example.com,55
84,User 84,user84@example.com,58
85,User 85,user85@example.com,22
86,User 86,user86@example.com,48
87,User 87,user87@example.com,29
88,User 88,user88@example.com,53
89,User 89,user89@example.com,58
90,User 90,user90@example.com,38
91,User 91,user91@example.com,33
92,User 92,user92@example.com,45
93,User 93,user93@example.com,46
94,User 94,user94@example.com,56
95,User 95,user95@example.com,40
96,User 96,user96@example.com,59
97,User 97,user97@example.com,41
98,User 98,user98@example.com,45
99,User 99,user99@example.com,28
100,User 100,user100@example.com,46
101,User 101,user101@example.com,42
102,User 102,user102@example.com,41
103,User 103,user103@example.com,59
104,User 104,user104@example.com,20
105,User 105,user105@example.com,52
106,User 106,user106@example.com,41
107,User 107,user107@example.com,41
108,User 108,user108@example.com,55
109,User 109,user109@example.com,44
110,User 110,user110@example.com,31
111,User 111,user111@example.com,40
112,User 112,user112@example.com,22
113,User 113,user113@example.com,46
114,User 114,user114@example.com,20
115,User 115,user115@example.com,45
116,User 116,user116@example.com,55
117,User 117,user117@example.com,30
118,User 118,user118@example.com,59
119,User 119,user119@example.com,24
120,User 120,user120@example.com,40
121,User 121,user121@example.com,31
122,User 122,user122@example.com,57
123,User 123,user123@example.com,24
124,User 124,user124@example.com,32
125,User 125,user125@example.com,38
126,User 126,user126@example.com,29
127,User 127,user127@example.com,30
128,User 128,user128@example.com,48
129,User 129,user129@example.com,38
130,User 130,user130@example.com,23
131,User 131,user131@example.com,26
132,User 132,user132@example.com,55
133,User 133,user133@example.com,58
134,User 134,user134@example.com,50
135,User 135,user135@example.com,21
136,User 136,user136@example.com,50
137,User 137,user137@example.com,56
138,User 138,user138@example.com,28
139,User 139,user139@example.com,22
140,User 140,user140@example.com,41
141,User 141,user141@example.com,44
142,User 142,user142@example.com,21
143,User 143,user143@example.com,27
144,User 144,user144@example.com,22
145,User 145,user145@example.com,54
146,User 146,user146@example.com,31
147,User 147,user147@example.com,29
148,User 148,user148@example.com,50
149,User 149,user149@example.com,24
150,User 150,user150@example.com,58
151,User 151,user151@example.com,58
152,User 152,user152@example.com,22
153,User 153,user153@example.com,35
154,User 154,user154@example.com,43
155,User 155,user155@example.com,49
156,User 156,user156@example.com,33
157,User 157,user157@example.com,23
158,User 158,user158@example.com,21
159,User 159,user159@example.com,35
160,User 160,user160@example.com,44
161,User 161,user161@example.com,22
162,User 162,user162@example.com,60
163,User 163,user163@example.com,27
164,User 164,user164@example.com,39
165,User 165,user165@example.com,45
166,User 166,user166@example.com,60
167,User 167,user167@example.com,30
168,User 168,user168@example.com,34
169,User 169,user169@example.com,56
170,User 170,user170@example.com,49
171,User 171,user171@example.com,44
172,User 172,user172@example.com,55
173,User 173,user173@example.com,33
174,User 174,user174@example.com,32
175,User 175,user175@example.com,39
176,User 176,user176@example.com,29
177,User 177,user177@example.com,39
178,User 178,user178@example.com,42
179,User 179,user179@example.com,56
180,User 180,user180@example.com,49
181,User 181,user181@example.com,38
182,User 182,user182@example.com,60
183,User 183,user183@example.com,59
184,User 184,user184@example.com,38
185,User 185,user185@example.com,23
186,User 186,user186@example.com,30
187,User 187,user187@example.com,51
188,User 188,user188@example.com,48
189,User 189,user189@example.com,55
190,User 190,user190@example.com,34
191,User 191,user191@example.com,30
192,User 192,user192@example.com,25
193,User 193,user193@example.com,23
194,User 194,user194@example.com,45
195,User 195,user195@example.com,53
196,User 196,user196@example.com,28
197,User 197,user197@example.com,34
198,User 198,user198@example.com,46
199,User 199,user199@example.com,55
200,User 200,user200@example.com,30
201,User 201,user201@example.com,40
202,User 202,user202@example.com,53
203,User 203,user203@example.com,33
204,User 204,user204@example.com,21
205,User 205,user205@example.com,43
206,User 206,user206@example.com,42
207,User 207,user207@example.com,51
208,User 208,user208@example.com,43
209,User 209,user209@example.com,26
210,User 210,user210@example.com,49
211,User 211,user211@example.com,48
212,User 212,user212@example.com,48
213,User 213,user213@example.com,52
214,User 214,user214@example.com,27
215,User 215,user215@example.com,30
216,User 216,user216@example.com,49
217,User 217,user217@example.com,35
218,User 218,user218@example.com,24
219,User 219,user219@example.com,23
220,User 220,user220@example.com,48
221,User 221,user221@example.com,51
222,User 222,user222@example.com,23
223,User 223,user223@example.com,40
224,User 224,user224@example.com,56
225,User 225,user225@example.com,53
226,User 226,user226@example.com,46
227,User 227,user227@example.com,40
228,User 228,user228@example.com,33
229,User 229,user229@example.com,28
230,User 230,user230@example.com,40
231,User 231,user231@example.com,42
232,User 232,user232@example.com,58
233,User 233,user233@example.com,56
234,User 234,user234@example.com,24
235,User 235,user235@example.com,43
236,User 236,user236@example.com,47
237,User 237,user237@example.com,38
238,User 238,user238@example.com,60
239,User 239,user239@example.com,27
240,User 240,user240@example.com,31
241,User 241,user241@example.com,28
242,User 242,user242@example.com,60
243,User 243,user243@example.com,29
244,User 244,user244@example.com,49
245,User 245,user245@example.com,25
246,User 246,user246@example.com,40
247,User 247,user247@example.com,52
248,User 248,user248@example.com,52
249,User 249,user249@example.com,56
250,User 250,user250@example.com,30
251,User 251,user251@example.com,51
252,User 252,user252@example.com,39
253,User 253,user253@example.com,39
254,User 254,user254@example.com,40
255,User 255,user255@example.com,51
256,User 256,user256@example.com,39
257,User 257,user257@example.com,29
258,User 258,user258@example.com,38
259,User 259,user259@example.com,37
260,User 260,user260@example.com,52
261,User 261,user261@example.com,52
262,User 262,user262@example.com,47
263,User 263,user263@example.com,46
264,User 264,user264@example.com,57
265,User 265,user265@example.com,43
266,User 266,user266@example.com,53
267,User 267,user267@example.com,26
268,User 268,user268@example.com,36
269,User 269,user269@example.com,51
270,User 270,user270@example.com,23
271,User 271,user271@example.com,51
272,User 272,user272@example.com,60
273,User 273,user273@example.com,50
274,User 274,user274@example.com,28
275,User 275,user275@example.com,34
276,User 276,user276@example.com,29
277,User 277,user277@example.com,46
278,User 278,user278@example.com,41
279,User 279,user279@example.com,42
280,User 280,user280@example.com,33
281,User 281,user281@example.com,53
282,User 282,user282@example.com,30
283,User 283,user283@example.com,47
284,User 284,user284@example.com,56
285,User 285,user285@example.com,35
286,User 286,user286@example.com,42
287,User 287,user287@example.com,29
288,User 288,user288@example.com,31
289,User 289,user289@example.com,47
290,User 290,user290@example.com,45
291,User 291,user291@example.com,34
292,User 292,user292@example.com,54
293,User 293,user293@example.com,30
294,User 294,user294@example.com,37
295,User 295,user295@example.com,50
296,User 296,user296@example.com,36
297,User 297,user297@example.com,38
298,User 298,user298@example.com,40
299,User 299,user299@example.com,42
300,User 300,user300@example.com,50
301,User 301,user301@example.com,32
302,User 302,user302@example.com,59
303,User 303,user303@example.com,56
304,User 304,user304@example.com,50
305,User 305,user305@example.com,51
306,User 306,user306@example.com,30
307,User 307,user307@example.com,22
308,User 308,user308@example.com,52
309,User 309,user309@example.com,53
310,User 310,user310@example.com,44
311,User 311,user311@example.com,21
312,User 312,user312@example.com,49
313,User 313,user313@example.com,27
314,User 314,user314@example.com,37
315,User 315,user315@example.com,38
316,User 316,user316@example.com,40
317,User 317,user317@example.com,30
318,User 318,user318@example.com,21
319,User 319,user319@example.com,27
320,User 320,user320@example.com,60
321,User 321,user321@example.com,30
322,User 322,user322@example.com,55
323,User 323,user323@example.com,41
324,User 324,user324@example.com,32
325,User 325,user325@example.com,50
326,User 326,user326@example.com,54
327,User 327,user327@example.com,56
328,User 328,user328@example.com,21
329,User 329,user329@example.com,40
330,User 330,user330@example.com,44
331,User 331,user331@example.com,27
332,User 332,user332@example.com,25
333,User 333,user333@example.com,26
334,User 334,user334@example.com,38
335,User 335,user335@example.com,47
336,User 336,user336@example.com,33
337,User 337,user337@example.com,34
338,User 338,user338@example.com,28
339,User 339,user339@example.com,58
340,User 340,user340@example.com,32
341,User 341,user341@example.com,37
342,User 342,user342@example.com,55
343,User 343,user343@example.com,48
344,User 344,user344@example.com,27
345,User 345,user345@example.com,48
346,User 346,user346@example.com,53
347,User 347,user347@example.com,27
348,User 348,user348@example.com,49
349,User 349,user349@example.com,21
350,User 350,user350@example.com,27
351,User 351,user351@example.com,31
352,User 352,user352@example.com,54
353,User 353,user353@example.com,28
354,User 354,user354@example.com,21
355,User 355,user355@example.com,27
356,User 356,user356@example.com,33
357,User 357,user357@example.com,55
358,User 358,user358@example.com,21
359,User 359,user359@example.com,55
360,User 360,user360@example.com,41
361,User 361,user361@example.com,32
362,User 362,user362@example.com,54
363,User 363,user363@example.com,44
364,User 364,user364@example.com,26
365,User 365,user365@example.com,54
366,User 366,user366@example.com,40
367,User 367,user367@example.com,47
368,User 368,user368@example.com,40
369,User 369,user369@example.com,58
370,User 370,user370@example.com,41
371,User 371,user371@example.com,47
372,User 372,user372@example.com,27
373,User 373,user373@example.com,31
374,User 374,user374@example.com,34
375,User 375,user375@example.com,52
376,User 376,user376@example.com,49
377,User 377,user377@example.com,30
378,User 378,user378@example.com,33
379,User 379,user379@example.com,25
380,User 380,user380@example.com,21
381,User 381,user381@example.com,22
382,User 382,user382@example.com,35
383,User 383,user383@example.com,34
384,User 384,user384@example.com,29
385,User 385,user385@example.com,42
386,User 386,user386@example.com,24
387,User 387,user387@example.com,38
388,User 388,user388@example.com,47
389,User 389,user389@example.com,21
390,User 390,user390@example.com,55
391,User 391,user391@example.com,40
392,User 392,user392@example.com,54
393,User 393,user393@example.com,41
394,User 394,user394@example.com,22
395,User 395,user395@example.com,40
396,User 396,user396@example.com,53
397,User 397,user397@example.com,20
398,User 398,user398@example.com,40
399,User 399,user399@example.com,51
400,User 400,user400@example.com,43
401,User 401,user401@example.com,33
402,User 402,user402@example.com,20
403,User 403,user403@example.com,41
404,User 404,user404@example.com,39
405,User 405,user405@example.com,37
406,User 406,user406@example.com,40
407,User 407,user407@example.com,31
408,User 408,user408@example.com,29
409,User 409,user409@example.com,41
410,User 410,user410@example.com,42
411,User 411,user411@example.com,45
412,User 412,user412@example.com,23
413,User 413,user413@example.com,23
414,User 414,user414@example.com,22
415,User 415,user415@example.com,40
416,User 416,user416@example.com,54
417,User 417,user417@example.com,44
418,User 418,user418@example.com,40
419,User 419,user419@example.com,26
420,User 420,user420@example.com,44
421,User 421,user421@example.com,27
422,User 422,user422@example.com,26
423,User 423,user423@example.com,39
424,User 424,user424@example.com,28
425,User 425,user425@example.com,24
426,User 426,user426@example.com,57
427,User 427,user427@example.com,37
428,User 428,user428@example.com,58
429,User 429,user429@example.com,42
430,User 430,user430@example.com,33
431,User 431,user431@example.com,20
432,User 432,user432@example.com,21
433,User 433,user433@example.com,44
434,User 434,user434@example.com,59
435,User 435,user435@example.com,59
436,User 436,user436@example.com,36
437,User 437,user437@example.com,21
438,User 438,user438@example.com,47
439,User 439,user439@example.com,24
440,User 440,user440@example.com,43
441,User 441,user441@example.com,28
442,User 442,user442@example.com,47
443,User 443,user443@example.com,25
444,User 444,user444@example.com,28
445,User 445,user445@example.com,38
446,User 446,user446@example.com,49
447,User 447,user447@example.com,45
448,User 448,user448@example.com,32
449,User 449,user449@example.com,60
450,User 450,user450@example.com,38
451,User 451,user451@example.com,34
452,User 452,user452@example.com,25
453,User 453,user453@example.com,48
454,User 454,user454@example.com,39
455,User 455,user455@example.com,55
456,User 456,user456@example.com,32
457,User 457,user457@example.com,33
458,User 458,user458@example.com,55
459,User 459,user459@example.com,40
460,User 460,user460@example.com,29
461,User 461,user461@example.com,38
462,User 462,user462@example.com,34
463,User 463,user463@example.com,56
464,User 464,user464@example.com,47
465,User 465,user465@example.com,36
466,User 466,user466@example.com,48
467,User 467,user467@example.com,36
468,User 468,user468@example.com,46
469,User 469,user469@example.com,59
470,User 470,user470@example.com,50
471,User 471,user471@example.com,44
472,User 472,user472@example.com,50
473,User 473,user473@example.com,42
474,User 474,user474@example.com,50
475,User 475,user475@example.com,52
476,User 476,user476@example.com,35
477,User 477,user477@example.com,51
478,User 478,user478@example.com,32
479,User 479,user479@example.com,21
480,User 480,user480@example.com,47
481,User 481,user481@example.com,47
482,User 482,user482@example.com,29
483,User 483,user483@example.com,23
484,User 484,user484@example.com,28
485,User 485,user485@example.com,51
486,User 486,user486@example.com,50
487,User 487,user487@example.com,23
488,User 488,user488@example.com,45
489,User 489,user489@example.com,21
490,User 490,user490@example.com,32
491,User 491,user491@example.com,26
492,User 492,user492@example.com,53
493,User 493,user493@example.com,50
494,User 494,user494@example.com,60
495,User 495,user495@example.com,46
496,User 496,user496@example.com,32
497,User 497,user497@example.com,24
498,User 498,user498@example.com,31
499,User 499,user499@example.com,43
500,User 500,user500@example.com,31
501,User 501,user501@example.com,34
502,User 502,user502@example.com,41
503,User 503,user503@example.com,43
504,User 504,user504@example.com,44
505,User 505,user505@example.com,55
506,User 506,user506@example.com,25
507,User 507,user507@example.com,60
508,User 508,user508@example.com,54
509,User 509,user509@example.com,44
510,User 510,user510@example.com,37
511,User 511,user511@example.com,36
512,User 512,user512@example.com,49
513,User 513,user513@example.com,53
514,User 514,user514@example.com,52
515,User 515,user515@example.com,35
516,User 516,user516@example.com,32
517,User 517,user517@example.com,22
518,User 518,user518@example.com,20
519,User 519,user519@example.com,49
520,User 520,user520@example.com,32
521,User 521,user521@example.com,30
522,User 522,user522@example.com,26
523,User 523,user523@example.com,32
524,User 524,user524@example.com,36
525,User 525,user525@example.com,51
526,User 526,user526@example.com,47
527,User 527,user527@example.com,43
528,User 528,user528@example.com,55
529,User 529,user529@example.com,57
530,User 530,user530@example.com,50
531,User 531,user531@example.com,43
532,User 532,user532@example.com,54
533,User 533,user533@example.com,23
534,User 534,user534@example.com,38
535,User 535,user535@example.com,23
536,User 536,user536@example.com,54
537,User 537,user537@example.com,29
538,User 538,user538@example.com,30
539,User 539,user539@example.com,22
540,User 540,user540@example.com,35
541,User 541,user541@example.com,50
542,User 542,user542@example.com,39
543,User 543,user543@example.com,51
544,User 544,user544@example.com,29
545,User 545,user545@example.com,58
546,User 546,user546@example.com,44
547,User 547,user547@example.com,50
548,User 548,user548@example.com,56
549,User 549,user549@example.com,28
550,User 550,user550@example.com,26
551,User 551,user551@example.com,38
552,User 552,user552@example.com,40
553,User 553,user553@example.com,37
554,User 554,user554@example.com,29
555,User 555,user555@example.com,46
556,User 556,user556@example.com,29
557,User 557,user557@example.com,48
558,User 558,user558@example.com,24
559,User 559,user559@example.com,41
560,User 560,user560@example.com,54
561,User 561,user561@example.com,27
562,User 562,user562@example.com,21
563,User 563,user563@example.com,31
564,User 564,user564@example.com,52
565,User 565,user565@example.com,43
566,User 566,user566@example.com,42
567,User 567,user567@example.com,37
568,User 568,user568@example.com,27
569,User 569,user569@example.com,53
570,User 570,user570@example.com,50
571,User 571,user571@example.com,43
572,User 572,user572@example.com,46
573,User 573,user573@example.com,60
574,User 574,user574@example.com,50
575,User 575,user575@example.com,51
576,User 576,user576@example.com,24
577,User 577,user577@example.com,36
578,User 578,user578@example.com,59
579,User 579,user579@example.com,48
580,User 580,user580@example.com,58
581,User 581,user581@example.com,38
582,User 582,user582@example.com,40
583,User 583,user583@example.com,35
584,User 584,user584@example.com,37
585,User 585,user585@example.com,36
586,User 586,user586@example.com,25
587,User 587,user587@example.com,33
588,User 588,user588@example.com,35
589,User 589,user589@example.com,36
590,User 590,user590@example.com,50
591,User 591,user591@example.com,46
592,User 592,user592@example.com,23
593,User 593,user593@example.com,58
594,User 594,user594@example.com,27
595,User 595,user595@example.com,51
596,User 596,user596@example.com,44
597,User 597,user597@example.com,45
598,User 598,user598@example.com,42
599,User 599,user599@example.com,41
600,User 600,user600@example.com,59
601,User 601,user601@example.com,23
602,User 602,user602@example.com,56
603,User 603,user603@example.com,47
604,User 604,user604@example.com,37
605,User 605,user605@example.com,30
606,User 606,user606@example.com,49
607,User 607,user607@example.com,52
608,User 608,user608@example.com,50
609,User 609,user609@example.com,32
610,User 610,user610@example.com,31
611,User 611,user611@example.com,29
612,User 612,user612@example.com,44
613,User 613,user613@example.com,46
614,User 614,user614@example.com,59
615,User 615,user615@example.com,53
616,User 616,user616@example.com,41
617,User 617,user617@example.com,38
618,User 618,user618@example.com,32
619,User 619,user619@example.com,35
620,User 620,user620@example.com,49
621,User 621,user621@example.com,35
622,User 622,user622@example.com,30
623,User 623,user623@example.com,53
624,User 624,user624@example.com,28
625,User 625,user625@example.com,38
626,User 626,user626@example.com,52
627,User 627,user627@example.com,48
628,User 628,user628@example.com,30
629,User 629,user629@example.com,39
630,User 630,user630@example.com,41
631,User 631,user631@example.com,28
632,User 632,user632@example.com,26
633,User 633,user633@example.com,20
634,User 634,user634@example.com,22
635,User 635,user635@example.com,24
636,User 636,user636@example.com,24
637,User 637,user637@example.com,49
638,User 638,user638@example.com,57
639,User 639,user639@example.com,49
640,User 640,user640@example.com,25
641,User 641,user641@example.com,55
642,User 642,user642@example.com,42
643,User 643,user643@example.com,54
644,User 644,user644@example.com,21
645,User 645,user645@example.com,54
646,User 646,user646@example.com,33
647,User 647,user647@example.com,22
648,User 648,user648@example.com,46
649,User 649,user649@example.com,48
650,User 650,user650@example.com,47
651,User 651,user651@example.com,41
652,User 652,user652@example.com,53
653,User 653,user653@example.com,49
654,User 654,user654@example.com,31
655,User 655,user655@example.com,36
656,User 656,user656@example.com,49
657,User 657,user657@example.com,31
658,User 658,user658@example.com,45
659,User 659,user659@example.com,33
660,User 660,user660@example.com,30
661,User 661,user661@example.com,33
662,User 662,user662@example.com,44
663,User 663,user663@example.com,46
664,User 664,user664@example.com,27
665,User 665,user665@example.com,32
666,User 666,user666@example.com,36
667,User 667,user667@example.com,42
668,User 668,user668@example.com,49
669,User 669,user669@example.com,60
670,User 670,user670@example.com,29
671,User 671,user671@example.com,37
672,User 672,user672@example.com,26
673,User 673,user673@example.com,38
674,User 674,user674@example.com,54
675,User 675,user675@example.com,22
676,User 676,user676@example.com,47
677,User 677,user677@example.com,56
678,User 678,user678@example.com,26
679,User 679,user679@example.com,60
680,User 680,user680@example.com,50
681,User 681,user681@example.com,58
682,User 682,user682@example.com,54
683,User 683,user683@example.com,55
684,User 684,user684@example.com,38
685,User 685,user685@example.com,59
686,User 686,user686@example.com,20
687,User 687,user687@example.com,59
688,User 688,user688@example.com,50
689,User 689,user689@example.com,51
690,User 690,user690@example.com,53
691,User 691,user691@example.com,40
692,User 692,user692@example.com,36
693,User 693,user693@example.com,37
694,User 694,user694@example.com,56
695,User 695,user695@example.com,47
696,User 696,user696@example.com,57
697,User 697,user697@example.com,59
698,User 698,user698@example.com,34
699,User 699,user699@example.com,52
700,User 700,user700@example.com,36
701,User 701,user701@example.com,49
702,User 702,user702@example.com,36
703,User 703,user703@example.com,52
704,User 704,user704@example.com,53
705,User 705,user705@example.com,48
706,User 706,user706@example.com,23
707,User 707,user707@example.com,24
708,User 708,user708@example.com,37
709,User 709,user709@example.com,25
710,User 710,user710@example.com,40
711,User 711,user711@example.com,36
712,User 712,user712@example.com,47
713,User 713,user713@example.com,38
714,User 714,user714@example.com,44
715,User 715,user715@example.com,49
716,User 716,user716@example.com,27
717,User 717,user717@example.com,21
718,User 718,user718@example.com,42
719,User 719,user719@example.com,45
720,User 720,user720@example.com,37
721,User 721,user721@example.com,48
722,User 722,user722@example.com,42
723,User 723,user723@example.com,27
724,User 724,user724@example.com,37
725,User 725,user725@example.com,31
726,User 726,user726@example.com,50
727,User 727,user727@example.com,40
728,User 728,user728@example.com,41
729,User 729,user729@example.com,20
730,User 730,user730@example.com,27
731,User 731,user731@example.com,37
732,User 732,user732@example.com,35
733,User 733,user733@example.com,49
734,User 734,user734@example.com,51
735,User 735,user735@example.com,31
736,User 736,user736@example.com,58
737,User 737,user737@example.com,54
738,User 738,user738@example.com,53
739,User 739,user739@example.com,34
740,User 740,user740@example.com,28
741,User 741,user741@example.com,31
742,User 742,user742@example.com,42
743,User 743,user743@example.com,59
744,User 744,user744@example.com,34
745,User 745,user745@example.com,52
746,User 746,user746@example.com,57
747,User 747,user747@example.com,35
748,User 748,user748@example.com,37
749,User 749,user749@example.com,38
750,User 750,user750@example.com,40
751,User 751,user751@example.com,34
752,User 752,user752@example.com,34
753,User 753,user753@example.com,53
754,User 754,user754@example.com,48
755,User 755,user755@example.com,48
756,User 756,user756@example.com,54
757,User 757,user757@example.com,41
758,User 758,user758@example.com,37
759,User 759,user759@example.com,59
760,User 760,user760@example.com,24
761,User 761,user761@example.com,39
762,User 762,user762@example.com,38
763,User 763,user763@example.com,56
764,User 764,user764@example.com,21
765,User 765,user765@example.com,59
766,User 766,user766@example.com,50
767,User 767,user767@example.com,24
768,User 768,user768@example.com,34
769,User 769,user769@example.com,58
770,User 770,user770@example.com,60
771,User 771,user771@example.com,26
772,User 772,user772@example.com,25
773,User 773,user773@example.com,48
774,User 774,user774@example.com,40
775,User 775,user775@example.com,26
776,User 776,user776@example.com,41
777,User 777,user777@example.com,58
778,User 778,user778@example.com,39
779,User 779,user779@example.com,30
780,User 780,user780@example.com,41
781,User 781,user781@example.com,35
782,User 782,user782@example.com,50
783,User 783,user783@example.com,57
784,User 784,user784@example.com,36
785,User 785,user785@example.com,22
786,User 786,user786@example.com,24
787,User 787,user787@example.com,22
788,User 788,user788@example.com,21
789,User 789,user789@example.com,32
790,User 790,user790@example.com,23
791,User 791,user791@example.com,22
792,User 792,user792@example.com,48
793,User 793,user793@example.com,34
794,User 794,user794@example.com,48
795,User 795,user795@example.com,41
796,User 796,user796@example.com,36
797,User 797,user797@example.com,38
798,User 798,user798@example.com,49
799,User 799,user799@example.com,22
800,User 800,user800@example.com,47
801,User 801,user801@example.com,33
802,User 802,user802@example.com,47
803,User 803,user803@example.com,54
804,User 804,user804@example.com,45
805,User 805,user805@example.com,34
806,User 806,user806@example.com,54
807,User 807,user807@example.com,35
808,User 808,user808@example.com,49
809,User 809,user809@example.com,48
810,User 810,user810@example.com,21
811,User 811,user811@example.com,57
812,User 812,user812@example.com,31
813,User 813,user813@example.com,25
814,User 814,user814@example.com,56
815,User 815,user815@example.com,21
816,User 816,user816@example.com,55
817,User 817,user817@example.com,44
818,User 818,user818@example.com,47
819,User 819,user819@example.com,26
820,User 820,user820@example.com,38
821,User 821,user821@example.com,58
822,User 822,user822@example.com,34
823,User 823,user823@example.com,48
824,User 824,user824@example.com,27
825,User 825,user825@example.com,57
826,User 826,user826@example.com,20
827,User 827,user827@example.com,23
828,User 828,user828@example.com,55
829,User 829,user829@example.com,58
830,User 830,user830@example.com,48
831,User 831,user831@example.com,33
832,User 832,user832@example.com,27
833,User 833,user833@example.com,47
834,User 834,user834@example.com,46
835,User 835,user835@example.com,53
836,User 836,user836@example.com,25
837,User 837,user837@example.com,38
838,User 838,user838@example.com,34
839,User 839,user839@example.com,28
840,User 840,user840@example.com,52
841,User 841,user841@example.com,43
842,User 842,user842@example.com,59
843,User 843,user843@example.com,56
844,User 844,user844@example.com,25
845,User 845,user845@example.com,35
846,User 846,user846@example.com,31
847,User 847,user847@example.com,48
848,User 848,user848@example.com,52
849,User 849,user849@example.com,30
850,User 850,user850@example.com,31
851,User 851,user851@example.com,40
852,User 852,user852@example.com,59
853,User 853,user853@example.com,50
854,User 854,user854@example.com,50
855,User 855,user855@example.com,37
856,User 856,user856@example.com,41
857,User 857,user857@example.com,45
858,User 858,user858@example.com,53
859,User 859,user859@example.com,39
860,User 860,user860@example.com,55
861,User 861,user861@example.com,25
862,User 862,user862@example.com,44
863,User 863,user863@example.com,52
864,User 864,user864@example.com,26
865,User 865,user865@example.com,39
866,User 866,user866@example.com,56
867,User 867,user867@example.com,27
868,User 868,user868@example.com,47
869,User 869,user869@example.com,30
870,User 870,user870@example.com,37
871,User 871,user871@example.com,36
872,User 872,user872@example.com,55
873,User 873,user873@example.com,52
874,User 874,user874@example.com,20
875,User 875,user875@example.com,38
876,User 876,user876@example.com,37
877,User 877,user877@example.com,33
878,User 878,user878@example.com,46
879,User 879,user879@example.com,32
880,User 880,user880@example.com,41
881,User 881,user881@example.com,39
882,User 882,user882@example.com,41
883,User 883,user883@example.com,48
884,User 884,user884@example.com,21
885,User 885,user885@example.com,52
886,User 886,user886@example.com,38
887,User 887,user887@example.com,45
888,User 888,user888@example.com,20
889,User 889,user889@example.com,36
890,User 890,user890@example.com,32
891,User 891,user891@example.com,41
892,User 892,user892@example.com,59
893,User 893,user893@example.com,51
894,User 894,user894@example.com,60
895,User 895,user895@example.com,49
896,User 896,user896@example.com,37
897,User 897,user897@example.com,39
898,User 898,user898@example.com,43
899,User 899,user899@example.com,45
900,User 900,user900@example.com,50
901,User 901,user901@example.com,34
902,User 902,user902@example.com,32
903,User 903,user903@example.com,45
904,User 904,user904@example.com,32
905,User 905,user905@example.com,49
906,User 906,user906@example.com,37
907,User 907,user907@example.com,21
908,User 908,user908@example.com,48
909,User 909,user909@example.com,20
910,User 910,user910@example.com,32
911,User 911,user911@example.com,49
912,User 912,user912@example.com,50
913,User 913,user913@example.com,41
914,User 914,user914@example.com,28
915,User 915,user915@example.com,30
916,User 916,user916@example.com,33
917,User 917,user917@example.com,50
918,User 918,user918@example.com,50
919,User 919,user919@example.com,50
920,User 920,user920@example.com,22
921,User 921,user921@example.com,50
922,User 922,user922@example.com,54
923,User 923,user923@example.com,28
924,User 924,user924@example.com,25
925,User 925,user925@example.com,48
926,User 926,user926@example.com,22
927,User 927,user927@example.com,35
928,User 928,user928@example.com,29
929,User 929,user929@example.com,42
930,User 930,user930@example.com,41
931,User 931,user931@example.com,52
932,User 932,user932@example.com,40
933,User 933,user933@example.com,39
934,User 934,user934@example.com,33
935,User 935,user935@example.com,43
936,User 936,user936@example.com,21
937,User 937,user937@example.com,21
938,User 938,user938@example.com,27
939,User 939,user939@example.com,24
940,User 940,user940@example.com,60
941,User 941,user941@example.com,48
942,User 942,user942@example.com,23
943,User 943,user943@example.com,48
944,User 944,user944@example.com,51
945,User 945,user945@example.com,50
946,User 946,user946@example.com,54
947,User 947,user947@example.com,21
948,User 948,user948@example.com,59
949,User 949,user949@example.com,54
950,User 950,user950@example.com,53
951,User 951,user951@example.com,56
952,User 952,user952@example.com,28
953,User 953,user953@example.com,56
954,User 954,user954@example.com,49
955,User 955,user955@example.com,45
956,User 956,user956@example.com,30
957,User 957,user957@example.com,42
958,User 958,user958@example.com,37
959,User 959,user959@example.com,33
960,User 960,user960@example.com,25
961,User 961,user961@example.com,39
962,User 962,user962@example.com,35
963,User 963,user963@example.com,32
964,User 964,user964@example.com,35
965,User 965,user965@example.com,22
966,User 966,user966@example.com,48
967,User 967,user967@example.com,60
968,User 968,user968@example.com,30
969,User 969,user969@example.com,31
970,User 970,user970@example.com,59
971,User 971,user971@example.com,41
972,User 972,user972@example.com,31
973,User 973,user973@example.com,37
974,User 974,user974@example.com,23
975,User 975,user975@example.com,42
976,User 976,user976@example.com,56
977,User 977,user977@example.com,54
978,User 978,user978@example.com,58
979,User 979,user979@example.com,50
980,User 980,user980@example.com,30
981,User 981,user981@example.com,38
982,User 982,user982@example.com,40
983,User 983,user983@example.com,24
984,User 984,user984@example.com,24
985,User 985,user985@example.com,51
986,User 986,user986@example.com,47
987,User 987,user987@example.com,42
988,User 988,user988@example.com,33
989,User 989,user989@example.com,57
990,User 990,user990@example.com,21
991,User 991,user991@example.com,24
992,User 992,user992@example.com,32
993,User 993,user993@example.com,27
994,User 994,user994@example.com,25
995,User 995,user995@example.com,25
996,User 996,user996@example.com,51
997,User 997,user997@example.com,28
998,User 998,user998@example.com,20
999,User 999,user999@example.com,58
